use progettoTSW;
insert into accessorio(cod_accessorio,nome_accessorio,tipologia,prezzo,descrizione) values 
	("acc01","Dadi Rossi","altri brand",15,"Set di dadi rossi"),
    ("acc02","Dadi Verdi","altri brand",20,"Set di dadi verdi"),
    ("acc03","Dadi blu Drago","esclusivi",30,"Set di dadi blu con rifiniture ai bordi a forma di drago");
insert into gioco(cod_gioco,nome_gioco,edizione,tipologia,prezzo,descrizione,n_giocatori) values
	("g001","Barrage","1 edezione","tavolo",80,"Barrage vi permetterà di viaggiare indietro nel tempo in un 1930 alternativo in cui un estremo utilizzo delle risorse fossili ha portato al completo esaurimento del carbone utilizzato come fonte di energia. La società è ormai sull’orlo di una crisi globale quando un gruppo di lungimiranti imprenditori decide di investire un cospicuo ammontare di fondi per lo sviluppo di una nuova fonte energetica rinnovabile e pulita, l’energia idroelettrica.",3),
    ("g002","AutoBahn","1 edizione","tavolo",50,"Sviluppate l’autostrada tedesca (Autobahn), costruendo e potenziando la rete autostradale federale per migliorare la vostra posizione nella società della BundesAutobahn.
Espandete la rete, realizzate differenti progetti e competete con gli altri giocatori per esportare merci e costruire stazioni di servizio; promuovete i vostri impiegati per ottimizzare la vostra strategia e migliorate la vostra plancia giocatore per sbloccare nuovi dipartimenti e aprire nuove strade verso la vittoria.
Riuscirete a sviluppare al meglio le storiche autostrade della Germania e a dare il maggior contributo all'Autobahn?",4),
	("g003","7 Rosso","1 edizione","carte",15,"Vinci o sei fuori! 7 numeri, 7 colori e 7 regole, questo basta per creare un gioco di cui non vi stancherete mai!",4),
    ("g004","Golem","1 edizione","tavolo",65,"La leggenda del Golem è una delle storie più affascinanti del mondo e trova le sue radici nella tradizione ebraica. In Golem, questa storia ispira un gioco strategico e complesso in cui i giocatori assumono il ruolo di studiosi impegnati a ricreare i famosi automi di argilla.",4),
   ("g005","Alchimisti","1 edizione","tavolo",50,"In Alchimisti dovrete mettere alla prova le vostre capacità di scoprire i segreti dell'arte mistica. Dopo averla creata, potrete decidere se bere la vostra pozione per capirne gli effetti oppure andarci cauti e testarla su un prezioso assistente!
Lo scopo del gioco è accumulare più punti, i quali possono essere guadagnati in svariati modi, ad esempio pubblicando teorie che siano rigorosamente corrette.
Il gioco si svolge nel corso di sei roundcod_giococod_gioconome_gioco e si conclude con un'esibizione finale. Il giocatore piazza dei cubetti sui vari spazi azione che sceglierà di svolgere. Sarà possibile guadagnare monete vendendo le pozioni, di dubbia qualità, agli avventurieri.
La grande novità è che sarà uno smartphone a fare da master e garantire longevità al gioco!",4),
	("g006","Alice in Wordland","1 edizione","tavolo",20,"La Regina di Cuori vi ha finalmente invitati a bere un tè in compagnia di folli personaggi. Ma per parteciparvi non basta prendere in mano una tazza! I giocatori, se vorranno stare seduti al suo tavolo, dovranno attenersi alle sue regole. Tra un sorso di tè e un biscottino, dovrete essere in grado di giocare con le parole.",8),
    ("g007","Amelia's Secret","1 edizione","carte",25,"La prima Escape Room con Realtà Aumentata: vivete un’esperienza immersiva unica! Siete intrappolati nella residenza abbandonata dei Vonleaken. Un mistero circonda questo maniero. Si dice che una bambina sia sparita molto tempo fa e il suo corpo non sia mai stato ritrovato. Sarete capaci di risolvere questo mistero prima che sia troppo tardi?",4),
    ("g008","Amygdala","1 edizione","tavolo",50,"La vita è piena di emozioni e la ragione del cervello deputata, in particolare, alla gestione di queste emozioni è l'amigdala.
In questo gioco astratto e strategico dovrete raccogliere sul tabellone le risorse relative alle diverse emozioni da conservare nella vostra banca della memoria, che però è limitata. Queste risorse serviranno a sbloccare le tessere emozione della vostra plancia giocatore da piazzare nelle sette regioni colorate sul tabellone. Dovrete cercare di formare reti di emozioni e di avere la maggioranza nelle diverse regioni per ottenere punti vittoria durante la partita e alla fine del gioco!",4),
	("g009","Bone Wars","1 edizione","tavolo",50,"Ci troviamo nell'ultima metà del 1800, durante la cosiddetta Guerra delle Ossa.
In questo periodo una grande rivalità sorse fra Othniel Marsh e Edward Cope, due paleontologi di fama mondiale. Entrambi cercarono di surclassare l’altro nella scoperta di nuove specie di dinosauri, arrivando al punto di corrompere i lavoratori del rivale, rubare o anche distruggere le rispettive ossa.
I giocatori ricopriranno il ruolo di paleontologi che lavorano per una di queste figure leggendarie (o magari segretamente per il loro stesso tornaconto!) cercando di superare la concorrenza.
Durante la partita i giocatori devono utilizzare in modo astuto le proprie carte azione, giocandole negli spazi sotto la plancia giocatore. Queste carte azione possono attivare la loro squadra, in modo da portare alla luce fossili e scoprire nuove specie sul campo, oppure il loro paleontologo, per pubblicare articoli, confutare teorie avversarie e ottenere gli ambiti riconoscimenti.",4),
	("g010","Mercoledì","Creature e Reietti","tavolo",13,"Direttamente dalla serie Netflix, arriva il gioco ufficiale di Mercoledì!
Sbaragliate gli avversari liberandovi delle carte in mano il più velocemente
possibile. Giocate le carte al momento giusto oppure pagate il prezzo dei vostri errori! Ma state attenti: ogni personaggio potrà cambiare la partita con le sue singolari abilità! Dopo tutto, che gioco sarebbe senza incredibili colpi di scena?",6),
	("g011","Taboo","1 edizione","carte",25,"Hasbro Taboo è uno dei giochi da tavolo più divertenti e coinvolgenti che abbia mai avuto il piacere di giocare. Questo gioco è diventato una scelta irrinunciabile per le serate in compagnia degli amici o per riunioni familiari, e vorrei condividere la mia recensione positiva su di esso.
La semplicità delle regole di Taboo è uno dei suoi punti di forza. È facile da imparare e si può iniziare a giocare in pochissimi minuti. Il fatto che non siano necessari lunghi tempi di spiegazione lo rende perfetto per tutti i tipi di giocatori, dai bambini agli adulti.",10),
	("g012","Exploding Kittens","Originale","carte",18,"Gattini Esplosivi si gioca da 2 a 5 giocatori, in 10-15 minuti di tempo e si basa su una meccanica di “pesca e gioca” e una blandissima gestione mano.  È fatto da un mazzo di carte con illustrazioni di gatti e altre robe nelle situazioni più assurde e grottesche. Vengono aggiunte carte Esplosione pari ai giocatori meno uno, poi ciascuno pesca quattro carte iniziali e una defuse (disinnesca). 
Lo scopo è rimanere l'ultimo vivo, dato che chi pesca un'Esplosione viene eliminato dalla partita, a meno di non usare un Defuse: nel qual caso reinserisce dove vuole l'Esplosione nel mazzo (in cima, in fondo, in mezzo... dove gli pare). ",5);
insert into espansione(cod_espansione,nome_espansione,descrizione,prezzo,cod_gioco) values
("esp001","Barrage 5 giocatore","Arricchisci la tua copia di Barrage con una nuova mappa progettata specificamente per 5 giocatori e scopri le nuove connessioni, studiate per consentire nuove strategie di piazzamento senza alterare il flusso di gioco.",25.5,"g001"),
("esp002","Adrenalina","Un’espansione per sei…e per due giocatori! Sparare in faccia ai vostri amici è sempre divertentissimo, ma ora potete giocare in squadra per sparare tutti insieme in faccia agli altri vostri amici! Oppure voi e un vostro amico potete mettere in scena un epico duello tra mazzate ed esplosioni di primo livello!",15,"g001");

insert into img_gioco(cod_img_gioco,copertina,img) values
    ("g001Img1",true,load_file("C:\\ProgramData\\MySQL\\MySQL Server 8.0\\Uploads\\pogettoTSW\\IMMAGINI_CATALOGO\\IMMAGINI_GIOCHI\\Barrage_BOX-3D.png")),
	("g001Img2",false,load_file("C:\\ProgramData\\MySQL\\MySQL Server 8.0\\Uploads\\pogettoTSW\\IMMAGINI_CATALOGO\\IMMAGINI_GIOCHI\\Barrage_ESPLOSO.png")),
    ("g002Img1",true,load_file("C:\\ProgramData\\MySQL\\MySQL Server 8.0\\Uploads\\pogettoTSW\\IMMAGINI_CATALOGO\\IMMAGINI_GIOCHI\\Autobahn_3D.png")),
    ("g002Img2",false,load_file("C:\\ProgramData\\MySQL\\MySQL Server 8.0\\Uploads\\pogettoTSW\\IMMAGINI_CATALOGO\\IMMAGINI_GIOCHI\\Autobahn_esploso.png")),
	("g003Img1",true,load_file("C:\\ProgramData\\MySQL\\MySQL Server 8.0\\Uploads\\pogettoTSW\\IMMAGINI_CATALOGO\\IMMAGINI_GIOCHI\\7-Rosso_BOX-3D.png")),
    ("g003Img2",false,load_file("C:\\ProgramData\\MySQL\\MySQL Server 8.0\\Uploads\\pogettoTSW\\IMMAGINI_CATALOGO\\IMMAGINI_GIOCHI\\7-Rosso_ESPLOSO.png")),
    ("g004Img1",true,load_file("C:\\ProgramData\\MySQL\\MySQL Server 8.0\\Uploads\\pogettoTSW\\IMMAGINI_CATALOGO\\IMMAGINI_GIOCHI\\Golem_scatola3D+ombra.png")),
    ("g004Img2",false,load_file("C:\\ProgramData\\MySQL\\MySQL Server 8.0\\Uploads\\pogettoTSW\\IMMAGINI_CATALOGO\\IMMAGINI_GIOCHI\\Golem_esploso.png")),
    ("g005Img1",true,load_file("C:\\ProgramData\\MySQL\\MySQL Server 8.0\\Uploads\\pogettoTSW\\IMMAGINI_CATALOGO\\IMMAGINI_GIOCHI\\Alchimisti_BOX-3D.png")),
    ("g005Img2",false,load_file("C:\\ProgramData\\MySQL\\MySQL Server 8.0\\Uploads\\pogettoTSW\\IMMAGINI_CATALOGO\\IMMAGINI_GIOCHI\\Alchimisti_ESPLOSO.png")),
    ("g006Img1",true,load_file("C:\\ProgramData\\MySQL\\MySQL Server 8.0\\Uploads\\pogettoTSW\\IMMAGINI_CATALOGO\\IMMAGINI_GIOCHI\\Alice-Wordland_scatola+ombra.png")),
    ("g006Img2",false,load_file("C:\\ProgramData\\MySQL\\MySQL Server 8.0\\Uploads\\pogettoTSW\\IMMAGINI_CATALOGO\\IMMAGINI_GIOCHI\\Alice-Wordland_esploso.png")),
    ("g007Img1",true,load_file("C:\\ProgramData\\MySQL\\MySQL Server 8.0\\Uploads\\pogettoTSW\\IMMAGINI_CATALOGO\\IMMAGINI_GIOCHI\\amelia's-secret_sx_SITO.png")),
    ("g007Img2",false,load_file("C:\\ProgramData\\MySQL\\MySQL Server 8.0\\Uploads\\pogettoTSW\\IMMAGINI_CATALOGO\\IMMAGINI_GIOCHI\\Amelia's-Secret-esploso.png")),
    ("g008Img1",true,load_file("C:\\ProgramData\\MySQL\\MySQL Server 8.0\\Uploads\\pogettoTSW\\IMMAGINI_CATALOGO\\IMMAGINI_GIOCHI\\amygdala_sx_SITO.png")),
    ("g008Img2",false,load_file("C:\\ProgramData\\MySQL\\MySQL Server 8.0\\Uploads\\pogettoTSW\\IMMAGINI_CATALOGO\\IMMAGINI_GIOCHI\\amygdala_esploso_HD-1.png")),
    ("g009Img1",true,load_file("C:\\ProgramData\\MySQL\\MySQL Server 8.0\\Uploads\\pogettoTSW\\IMMAGINI_CATALOGO\\IMMAGINI_GIOCHI\\Bone-Wars_sx_SITO.png")),
    ("g009Img2",false,load_file("C:\\ProgramData\\MySQL\\MySQL Server 8.0\\Uploads\\pogettoTSW\\IMMAGINI_CATALOGO\\IMMAGINI_GIOCHI\\Bone-Wars_esploso_SD.png")),
    ("g010Img1",true,load_file("C:\\ProgramData\\MySQL\\MySQL Server 8.0\\Uploads\\pogettoTSW\\IMMAGINI_CATALOGO\\IMMAGINI_GIOCHI\\MercolediEsploso.png")),
    ("g010Img2",false,load_file("C:\\ProgramData\\MySQL\\MySQL Server 8.0\\Uploads\\pogettoTSW\\IMMAGINI_CATALOGO\\IMMAGINI_GIOCHI\\Mercoledi.png")),
    ("g011Img1",true,load_file("C:\\ProgramData\\MySQL\\MySQL Server 8.0\\Uploads\\pogettoTSW\\IMMAGINI_CATALOGO\\IMMAGINI_GIOCHI\\Taboo.jpg")),
    ("g011Img2",false,load_file("C:\\ProgramData\\MySQL\\MySQL Server 8.0\\Uploads\\pogettoTSW\\IMMAGINI_CATALOGO\\IMMAGINI_GIOCHI\\Taboo_Esploso.jpg")),
    ("g012Img1",true,load_file("C:\\ProgramData\\MySQL\\MySQL Server 8.0\\Uploads\\pogettoTSW\\IMMAGINI_CATALOGO\\IMMAGINI_GIOCHI\\ExplodingKittens.jpg")),
    ("g012Img2",false,load_file("C:\\ProgramData\\MySQL\\MySQL Server 8.0\\Uploads\\pogettoTSW\\IMMAGINI_CATALOGO\\IMMAGINI_GIOCHI\\ExplodingKittens_Esploso.jpg"));
    
insert into img_acc(cod_img_acc,img) values
     ("acc01Img1",load_file("C:\\ProgramData\\MySQL\\MySQL Server 8.0\\Uploads\\pogettoTSW\\IMMAGINI_CATALOGO\\IMMAGINI_ACCESSORI\DADI_ROSSI1.jpg"))
	,("acc02Img1",load_file("C:\\ProgramData\\MySQL\\MySQL Server 8.0\\Uploads\\pogettoTSW\\IMMAGINI_CATALOGO\\IMMAGINI_ACCESSORI\\DADI_VERDI1.jpg")),
    ("acc03Img1",load_file("C:\\ProgramData\\MySQL\\MySQL Server 8.0\\Uploads\\pogettoTSW\\IMMAGINI_CATALOGO\\IMMAGINI_ACCESSORI\\DADI_BLU_DRAGO.jpg"));
insert into img_esp(cod_img_esp,img) values
    ("esp001Img1",load_file("C:\\ProgramData\\MySQL\\MySQL Server 8.0\\Uploads\\pogettoTSW\\IMMAGINI_CATALOGO\\IMMAGINI_ESPANSIONI\\Barrage_5Th-Giocatore_scatola.png")),
	("esp001Img2",load_file("C:\\ProgramData\\MySQL\\MySQL Server 8.0\\Uploads\\pogettoTSW\\IMMAGINI_CATALOGO\\IMMAGINI_ESPANSIONI\\Barrage_5gioc_esploso.png")),
	("esp002Img1",load_file("C:\\ProgramData\\MySQL\\MySQL Server 8.0\\Uploads\\pogettoTSW\\IMMAGINI_CATALOGO\\IMMAGINI_ESPANSIONI\\Adrenalina.png"));

insert into imgToEsp(cod_espansione,cod_img_esp) values 
    ("esp001","esp001Img1"),
    ("esp001","esp001Img2");
insert into imgToGame(cod_gioco, cod_img_gioco)
values 
    ("g001", "g001Img1"),
    ("g001", "g001Img2"),
    ("g002", "g002Img1"),
    ("g002", "g002Img2"),
    ("g003", "g003Img1"),
    ("g003", "g003Img2"),
    ("g004", "g004Img1"),
    ("g004", "g004Img2"),
    ("g005", "g005Img1"),
    ("g005", "g005Img2"),
    ("g006", "g006Img1"),
    ("g006", "g006Img2"),
    ("g007", "g007Img1"),
    ("g007", "g007Img2"),
    ("g008", "g008Img1"),
    ("g008", "g008Img2"),
    ("g009", "g009Img1"),
    ("g009", "g009Img2"),
    ("g010", "g010Img1"),
    ("g010", "g010Img2"),
    ("g011", "g011Img1"),
    ("g011", "g011Img2"),
    ("g012", "g012Img1"),
    ("g012", "g012Img2");
insert into imgToAcc(cod_acc,cod_img_acc) values
	("acc01","acc01Img1"),
    ("acc02","acc02Img1"),
    ("acc03","acc03Img1");
insert into componente(nomeComponente) values 
	("Regolamento"),("Carte"),("Plance"),
    ("Schede consegne"),("Impiegati"),("Camion in legno"),
    ("Tabellone"),
    ("Mappa"),("Tracciato Energia"),
    ("Tessere"),("Basi Neutrali"),("Basi")
    ,("Ingegneri"),("Elevazioni");
    insert into composizioneGioco(nome_componente,cod_gioco,n_componente) values
	("Regolamento","g002",1),("Carte","g002",69),("Plance","g002",6)
    ,("Schede consegne","g002",6),("Impiegati","g002",100),("Camion in legno","g002",8),("Tabellone","g002",1),
    ("Mappa","g001",1),("Tracciato Energia","g001",1),("Tessere","g001",100),
    ("Basi Neutrali","g001",3),("Basi","g001",5),("Ingegneri","g001",100),("Elevazioni","g001",5); 
insert into sconto(nome_sconto,cod_sconto,perc_sconto) values
	("saldi primaverili","sco001",25),
    ("buono sconto di benvenuto!","sco002",50);
select g.cod_gioco,g.nome_gioco,g.prezzo,ig.img,ig.cod_img_gioco
from gioco as g 
join imgToGame as itg on g.cod_gioco = itg.cod_gioco
join img_gioco as ig on ig.cod_img_gioco = itg.cod_img_gioco
where ig.copertina = true and g.tipologia = "tavolo" and g.prezzo = "50";

